Username,ItemID,Bias,EventName
michaelbates,1,Kazuha,Reality Show
nmanning,2,Eunchae,Reality Show
frobinson,3,Yunjin,Merch Sale Event
scottwalker,4,Yunjin,Merch Sale Event
warnold,5,Sakura,Tour
riverastanley,6,Eunchae,Reality Show
kristapierce,7,Kazuha,Fan Meet-Up
peggyfisher,8,Kazuha,Concert
gregory33,9,Yunjin,Reality Show
qjames,10,Yunjin,Merch Sale Event
xboyd,11,Sakura,Merch Sale Event
justin94,12,Chaewon,Merch Sale Event
frankvaughn,13,Kazuha,Tour
ybishop,14,Chaewon,Tour
sean45,15,Chaewon,Merch Sale Event
rmartinez,16,Eunchae,Reality Show
alisonbrown,17,Chaewon,Reality Show
melanie27,18,Eunchae,Reality Show
christopher51,19,Yunjin,Concert
kimberly05,20,Sakura,Fan Meet-Up
erik04,21,Kazuha,Merch Sale Event
williamsbriana,22,Yunjin,Fan Meet-Up
kbaker,23,Sakura,Fan Meet-Up
charlesorozco,24,Eunchae,Fan Meet-Up
beaton,25,Eunchae,Tour
cbriggs,26,Yunjin,Reality Show
qnewton,27,Chaewon,Concert
ualvarez,28,Chaewon,Fan Meet-Up
gonzalezalexandria,29,Eunchae,Merch Sale Event
david15,30,Sakura,Merch Sale Event
justin12,31,Eunchae,Tour
amiller,32,Chaewon,Merch Sale Event
greenmichael,33,Sakura,Merch Sale Event
jherrera,34,Eunchae,Merch Sale Event
ggardner,35,Sakura,Tour
briantaylor,36,Yunjin,Tour
rhonda18,37,Kazuha,Concert
johnmay,38,Eunchae,Merch Sale Event
jackie99,39,Yunjin,Fan Meet-Up
snyderashley,40,Eunchae,Tour
allison84,41,Kazuha,Reality Show
alexandrawright,42,Kazuha,Merch Sale Event
williamssteven,43,Chaewon,Concert
davidjohnson,44,Kazuha,Tour
lori19,45,Chaewon,Fan Meet-Up
gfrazier,46,Sakura,Merch Sale Event
brendan94,47,Sakura,Tour
william89,48,Kazuha,Tour
edgarcampbell,49,Chaewon,Fan Meet-Up
qtran,50,Chaewon,Reality Show
nancy52,51,Eunchae,Fan Meet-Up
elizabethbrewer,52,Yunjin,Reality Show
douglasnelson,53,Yunjin,Fan Meet-Up
hinesmatthew,54,Sakura,Fan Meet-Up
lauramcintosh,55,Yunjin,Fan Meet-Up
hansonmichael,56,Sakura,Fan Meet-Up
jason47,57,Chaewon,Fan Meet-Up
jbrown,58,Eunchae,Reality Show
isaiah79,59,Yunjin,Tour
christina64,60,Chaewon,Reality Show
amystrickland,61,Eunchae,Reality Show
simmonsjorge,62,Yunjin,Fan Meet-Up
castrobarbara,63,Eunchae,Concert
lindseytaylor,64,Kazuha,Reality Show
jacobsrobert,65,Eunchae,Reality Show
angela73,66,Chaewon,Concert
jenniferfarrell,67,Eunchae,Tour
amandapope,68,Sakura,Merch Sale Event
jerry48,69,Kazuha,Merch Sale Event
lindseysharon,70,Kazuha,Fan Meet-Up
cody15,71,Chaewon,Merch Sale Event
donnagarcia,72,Chaewon,Concert
stacy94,73,Eunchae,Tour
steven42,74,Chaewon,Reality Show
johnmay,75,Chaewon,Fan Meet-Up
ybryant,76,Chaewon,Tour
susan52,77,Chaewon,Merch Sale Event
torresteresa,78,Kazuha,Fan Meet-Up
laura73,79,Sakura,Tour
jmartinez,80,Chaewon,Tour
cynthia38,81,Yunjin,Concert
timothyjohnson,82,Yunjin,Merch Sale Event
kevin16,83,Eunchae,Fan Meet-Up
michael75,84,Sakura,Fan Meet-Up
james64,85,Sakura,Reality Show
wlopez,86,Sakura,Concert
fgreene,87,Kazuha,Fan Meet-Up
webbstanley,88,Eunchae,Concert
smithandrew,89,Eunchae,Fan Meet-Up
burkeyolanda,90,Yunjin,Fan Meet-Up
yharrison,91,Chaewon,Tour
gregory15,92,Chaewon,Tour
hillkristi,93,Chaewon,Merch Sale Event
aking,94,Kazuha,Reality Show
christinamoore,95,Sakura,Merch Sale Event
kevin16,96,Sakura,Fan Meet-Up
ginamorris,97,Eunchae,Concert
melissa54,98,Kazuha,Concert
cbriggs,99,Sakura,Merch Sale Event
morganstacey,100,Kazuha,Tour
mary28,101,Sakura,Reality Show
gilbertmartinez,102,Chaewon,Reality Show
melaniemathis,103,Eunchae,Tour
qgraham,104,Sakura,Tour
clementschristopher,105,Chaewon,Tour
melissajimenez,106,Sakura,Merch Sale Event
johnsonashley,107,Eunchae,Fan Meet-Up
justin12,108,Yunjin,Concert
kellybarnes,109,Sakura,Fan Meet-Up
brownbobby,110,Eunchae,Fan Meet-Up
drewsmith,111,Yunjin,Merch Sale Event
justin12,112,Sakura,Fan Meet-Up
donald99,113,Eunchae,Merch Sale Event
vlopez,114,Sakura,Merch Sale Event
christophershepherd,115,Chaewon,Tour
crystalhicks,116,Sakura,Tour
victoriagallagher,117,Chaewon,Reality Show
bruceconner,118,Chaewon,Merch Sale Event
gilbertmartinez,119,Sakura,Reality Show
christopherfields,120,Chaewon,Tour
wgoodman,121,Eunchae,Reality Show
donna39,122,Sakura,Fan Meet-Up
brianchavez,123,Yunjin,Concert
palmertammy,124,Chaewon,Merch Sale Event
theresa92,125,Kazuha,Fan Meet-Up
justin51,126,Eunchae,Tour
krivera,127,Sakura,Concert
ibishop,128,Chaewon,Concert
donald15,129,Yunjin,Merch Sale Event
hwest,130,Sakura,Fan Meet-Up
ualvarez,131,Yunjin,Tour
handerson,132,Sakura,Reality Show
sheriwilson,133,Yunjin,Concert
robert99,134,Sakura,Fan Meet-Up
olsonamber,135,Yunjin,Fan Meet-Up
tmcdonald,136,Kazuha,Merch Sale Event
markwatson,137,Kazuha,Fan Meet-Up
rebeccabrown,138,Sakura,Tour
ldiaz,139,Eunchae,Concert
sharpellen,140,Eunchae,Tour
barrettadrian,141,Sakura,Concert
aprilcampbell,142,Yunjin,Fan Meet-Up
jimeneztimothy,143,Kazuha,Reality Show
carl18,144,Kazuha,Merch Sale Event
andersonkimberly,145,Kazuha,Reality Show
cbrown,146,Chaewon,Reality Show
panderson,147,Eunchae,Reality Show
vgarcia,148,Sakura,Fan Meet-Up
martinmcintosh,149,Eunchae,Merch Sale Event
melissajimenez,150,Kazuha,Merch Sale Event
emaldonado,151,Sakura,Tour
imcmahon,152,Sakura,Merch Sale Event
marquezchristopher,153,Sakura,Concert
markhenry,154,Sakura,Fan Meet-Up
wrightmartin,155,Chaewon,Fan Meet-Up
charles82,156,Sakura,Tour
walterslauren,157,Kazuha,Tour
april02,158,Chaewon,Fan Meet-Up
smithdavid,159,Kazuha,Reality Show
donbentley,160,Eunchae,Merch Sale Event
eberg,161,Sakura,Reality Show
kirbychristy,162,Kazuha,Reality Show
darrellwilson,163,Eunchae,Reality Show
melissalawson,164,Sakura,Tour
anthonyjimenez,165,Sakura,Merch Sale Event
rswanson,166,Sakura,Reality Show
williamsmarc,167,Sakura,Fan Meet-Up
rebecca90,168,Kazuha,Fan Meet-Up
deborahtownsend,169,Sakura,Concert
pwells,170,Kazuha,Merch Sale Event
sarah10,171,Yunjin,Reality Show
peggyfisher,172,Chaewon,Reality Show
martinezmichael,173,Sakura,Fan Meet-Up
owood,174,Chaewon,Reality Show
smithkelli,175,Sakura,Concert
justin51,176,Sakura,Merch Sale Event
justin51,177,Sakura,Fan Meet-Up
tstevenson,178,Kazuha,Concert
greeramanda,179,Sakura,Fan Meet-Up
vhamilton,180,Sakura,Concert
wfields,181,Eunchae,Tour
morsedarren,182,Sakura,Reality Show
iclark,183,Yunjin,Concert
pachecodavid,184,Kazuha,Fan Meet-Up
susan52,185,Yunjin,Concert
ann85,186,Chaewon,Merch Sale Event
matthewsantos,187,Kazuha,Reality Show
ajimenez,188,Sakura,Reality Show
ballardmichael,189,Sakura,Reality Show
jeffreyross,190,Kazuha,Reality Show
villegasdon,191,Eunchae,Fan Meet-Up
tyleraguilar,192,Chaewon,Tour
smithemily,193,Yunjin,Concert
grahamrachael,194,Chaewon,Merch Sale Event
john34,195,Yunjin,Reality Show
hernandezamy,196,Sakura,Concert
robert82,197,Eunchae,Concert
martinezshelby,198,Kazuha,Concert
ualvarez,199,Kazuha,Fan Meet-Up
wattshannah,200,Yunjin,Reality Show
andersonstephanie,201,Chaewon,Tour
jasonlopez,202,Eunchae,Concert
jacobsrobert,203,Eunchae,Concert
alan84,204,Chaewon,Tour
avilajimmy,205,Yunjin,Fan Meet-Up
alexiscampbell,206,Sakura,Tour
kelly38,207,Eunchae,Fan Meet-Up
pdaniel,208,Chaewon,Concert
pinedagabrielle,209,Kazuha,Tour
gregorycraig,210,Sakura,Fan Meet-Up
zwells,211,Kazuha,Concert
stephenchambers,212,Yunjin,Fan Meet-Up
annacarter,213,Kazuha,Fan Meet-Up
cynthia38,214,Kazuha,Reality Show
marksalazar,215,Kazuha,Reality Show
karigoodman,216,Eunchae,Merch Sale Event
fischerchristopher,217,Yunjin,Reality Show
phillipsstephen,218,Kazuha,Concert
kristapierce,219,Sakura,Tour
johngonzalez,220,Eunchae,Merch Sale Event
williamsjohnny,221,Chaewon,Fan Meet-Up
qbradley,222,Yunjin,Fan Meet-Up
lisa62,223,Chaewon,Merch Sale Event
judypark,224,Chaewon,Merch Sale Event
lorismith,225,Sakura,Fan Meet-Up
elizabeth26,226,Chaewon,Merch Sale Event
tmcdonald,227,Eunchae,Fan Meet-Up
mooremichele,228,Kazuha,Tour
westlauren,229,Eunchae,Concert
eugene70,230,Kazuha,Concert
frankvaughn,231,Eunchae,Reality Show
isaiah79,232,Kazuha,Tour
mathewskristen,233,Chaewon,Fan Meet-Up
bennettjames,234,Chaewon,Merch Sale Event
dgomez,235,Kazuha,Reality Show
martin36,236,Yunjin,Concert
brandinelson,237,Chaewon,Reality Show
qjames,238,Eunchae,Fan Meet-Up
lbarron,239,Sakura,Fan Meet-Up
zhamilton,240,Eunchae,Tour
julia39,241,Sakura,Tour
ccopeland,242,Yunjin,Fan Meet-Up
iward,243,Eunchae,Tour
burkeyolanda,244,Kazuha,Merch Sale Event
tony42,245,Sakura,Merch Sale Event
wsmith,246,Chaewon,Concert
nsantiago,247,Kazuha,Concert
charlenecunningham,248,Eunchae,Concert
connorramos,249,Kazuha,Tour
ybrown,250,Eunchae,Reality Show
teresamoses,251,Chaewon,Concert
ptaylor,252,Sakura,Reality Show
zcarpenter,253,Sakura,Merch Sale Event
mwatson,254,Chaewon,Concert
wayne22,255,Kazuha,Concert
amber79,256,Eunchae,Reality Show
mckinneyjulie,257,Yunjin,Merch Sale Event
patriciarogers,258,Sakura,Concert
jacqueline58,259,Kazuha,Merch Sale Event
millerrandy,260,Kazuha,Reality Show
markvillarreal,261,Chaewon,Merch Sale Event
nathanielali,262,Eunchae,Fan Meet-Up
sarah89,263,Chaewon,Fan Meet-Up
brianjohnson,264,Yunjin,Fan Meet-Up
daniel67,265,Chaewon,Concert
millerrandy,266,Kazuha,Merch Sale Event
steven38,267,Kazuha,Reality Show
shepherdtammy,268,Kazuha,Tour
ohuerta,269,Kazuha,Fan Meet-Up
michaelhawkins,270,Yunjin,Concert
martin36,271,Yunjin,Tour
collinsmichele,272,Eunchae,Tour
robinsondenise,273,Kazuha,Reality Show
rwolfe,274,Kazuha,Merch Sale Event
amendez,275,Sakura,Tour
hgordon,276,Kazuha,Reality Show
john39,277,Sakura,Tour
fmoore,278,Sakura,Merch Sale Event
hutchinsonpamela,279,Chaewon,Tour
sarahbrown,280,Kazuha,Tour
annaschmidt,281,Yunjin,Concert
jacksonsanford,282,Chaewon,Reality Show
tjames,283,Chaewon,Concert
laura13,284,Kazuha,Merch Sale Event
fmartin,285,Sakura,Concert
jacobwhite,286,Sakura,Tour
brittneypeterson,287,Kazuha,Merch Sale Event
myersrobert,288,Chaewon,Tour
craig69,289,Chaewon,Concert
onguyen,290,Kazuha,Fan Meet-Up
julieadams,291,Kazuha,Fan Meet-Up
ggalvan,292,Sakura,Merch Sale Event
susanfarley,293,Chaewon,Merch Sale Event
iguerrero,294,Sakura,Tour
kmills,295,Chaewon,Tour
jsmith,296,Eunchae,Concert
ukerr,297,Kazuha,Concert
christinecarlson,298,Chaewon,Reality Show
nathan18,299,Eunchae,Tour
wadebrett,300,Eunchae,Merch Sale Event
stephanie89,301,Chaewon,Tour
parkercathy,302,Eunchae,Concert
nicholasfletcher,303,Yunjin,Tour
tony19,304,Sakura,Reality Show
sean45,305,Chaewon,Merch Sale Event
carlsonlindsay,306,Sakura,Fan Meet-Up
rebecca90,307,Kazuha,Concert
aaron89,308,Sakura,Fan Meet-Up
charles82,309,Kazuha,Tour
davidmack,310,Yunjin,Fan Meet-Up
jnelson,311,Yunjin,Fan Meet-Up
angela90,312,Eunchae,Concert
adamcooper,313,Eunchae,Merch Sale Event
melissa37,314,Eunchae,Tour
jason47,315,Yunjin,Tour
smithandrew,316,Kazuha,Tour
johnsonashley,317,Sakura,Concert
dalewhite,318,Chaewon,Tour
lawsontanya,319,Eunchae,Merch Sale Event
pamhayes,320,Sakura,Tour
tjames,321,Yunjin,Reality Show
morrisonanne,322,Eunchae,Concert
stephanie46,323,Sakura,Tour
gonzalezthomas,324,Yunjin,Fan Meet-Up
kevin50,325,Sakura,Merch Sale Event
julieadams,326,Yunjin,Merch Sale Event
david89,327,Sakura,Tour
jacquelinemullen,328,Eunchae,Merch Sale Event
clarkechad,329,Chaewon,Merch Sale Event
markray,330,Eunchae,Reality Show
thompsonkaren,331,Kazuha,Reality Show
sandersmichael,332,Kazuha,Reality Show
dan71,333,Kazuha,Tour
uvelazquez,334,Kazuha,Reality Show
geoffrey23,335,Yunjin,Fan Meet-Up
lisa62,336,Chaewon,Merch Sale Event
kayla96,337,Sakura,Concert
lance65,338,Kazuha,Concert
shepherdtammy,339,Chaewon,Concert
dixonteresa,340,Eunchae,Reality Show
eberg,341,Eunchae,Fan Meet-Up
zhoward,342,Kazuha,Tour
zimmermanlisa,343,Kazuha,Tour
nealpenny,344,Chaewon,Fan Meet-Up
watsonbreanna,345,Sakura,Fan Meet-Up
jameshenderson,346,Eunchae,Merch Sale Event
adamjoyce,347,Yunjin,Fan Meet-Up
mathewaustin,348,Sakura,Tour
patriciagilbert,349,Chaewon,Concert
martintyler,350,Kazuha,Merch Sale Event
zsawyer,351,Chaewon,Tour
brianelliott,352,Eunchae,Reality Show
dhoward,353,Kazuha,Concert
luis38,354,Kazuha,Concert
ofrazier,355,Yunjin,Tour
gregorycraig,356,Yunjin,Reality Show
antonio39,357,Chaewon,Fan Meet-Up
lowen,358,Kazuha,Fan Meet-Up
stephanieholder,359,Eunchae,Merch Sale Event
nharrington,360,Eunchae,Merch Sale Event
scottbates,361,Yunjin,Concert
ryan93,362,Sakura,Merch Sale Event
hamptonjohn,363,Sakura,Fan Meet-Up
michelle94,364,Eunchae,Reality Show
lwilliams,365,Yunjin,Reality Show
lindsey77,366,Yunjin,Fan Meet-Up
amurray,367,Kazuha,Concert
beaton,368,Chaewon,Concert
karen32,369,Chaewon,Concert
aliciapalmer,370,Yunjin,Fan Meet-Up
debra67,371,Yunjin,Fan Meet-Up
joshuaguerrero,372,Chaewon,Fan Meet-Up
jon38,373,Sakura,Merch Sale Event
qedwards,374,Sakura,Reality Show
mstephens,375,Yunjin,Merch Sale Event
hyoung,376,Eunchae,Tour
omay,377,Sakura,Concert
robinjackson,378,Sakura,Tour
leahanderson,379,Kazuha,Reality Show
jamesperez,380,Eunchae,Merch Sale Event
bairddeborah,381,Sakura,Concert
marywells,382,Kazuha,Fan Meet-Up
timothyjohnson,383,Yunjin,Reality Show
uwaters,384,Chaewon,Reality Show
amberpennington,385,Yunjin,Merch Sale Event
jamieblake,386,Kazuha,Fan Meet-Up
jonesandrea,387,Sakura,Merch Sale Event
william50,388,Kazuha,Fan Meet-Up
mary28,389,Yunjin,Concert
greenjill,390,Yunjin,Reality Show
ggardner,391,Eunchae,Tour
snyderdebra,392,Kazuha,Tour
mcguireashley,393,Sakura,Tour
jameshenderson,394,Chaewon,Reality Show
thomasnicholas,395,Sakura,Merch Sale Event
rogerskathy,396,Yunjin,Fan Meet-Up
cbowers,397,Kazuha,Tour
kristy77,398,Sakura,Reality Show
richardsonmichelle,399,Chaewon,Fan Meet-Up
tiffanysanford,400,Kazuha,Reality Show
harmstrong,401,Sakura,Concert
tiffanysmith,402,Eunchae,Fan Meet-Up
daychristina,403,Yunjin,Reality Show
uschultz,404,Kazuha,Tour
jason09,405,Sakura,Merch Sale Event
hannahcooper,406,Sakura,Fan Meet-Up
rmartinez,407,Yunjin,Tour
michaelrodriguez,408,Eunchae,Reality Show
tonicraig,409,Sakura,Reality Show
kmiller,410,Sakura,Concert
whiteelijah,411,Eunchae,Reality Show
victoria69,412,Kazuha,Fan Meet-Up
christina64,413,Eunchae,Merch Sale Event
mark59,414,Yunjin,Reality Show
hogandavid,415,Sakura,Reality Show
lynnbailey,416,Yunjin,Fan Meet-Up
maryellis,417,Chaewon,Fan Meet-Up
jbush,418,Eunchae,Fan Meet-Up
richardstaylor,419,Sakura,Merch Sale Event
castillocheryl,420,Kazuha,Concert
mathewaustin,421,Eunchae,Merch Sale Event
sean45,422,Chaewon,Tour
justiningram,423,Kazuha,Merch Sale Event
brianna56,424,Eunchae,Merch Sale Event
robert67,425,Yunjin,Reality Show
matthew45,426,Sakura,Tour
joe92,427,Chaewon,Concert
stephensrichard,428,Sakura,Reality Show
lyonsandrew,429,Kazuha,Merch Sale Event
charris,430,Kazuha,Merch Sale Event
wilkinsonisaiah,431,Sakura,Reality Show
schneiderjose,432,Yunjin,Concert
tstevenson,433,Eunchae,Merch Sale Event
laura13,434,Sakura,Fan Meet-Up
ybridges,435,Kazuha,Tour
shepherdtammy,436,Eunchae,Concert
ashleyconner,437,Sakura,Reality Show
charles58,438,Kazuha,Fan Meet-Up
hjames,439,Eunchae,Concert
qjones,440,Yunjin,Tour
christinemoore,441,Sakura,Tour
scottsanchez,442,Yunjin,Fan Meet-Up
kristenevans,443,Kazuha,Merch Sale Event
kristabrown,444,Eunchae,Merch Sale Event
katherinekramer,445,Sakura,Fan Meet-Up
gregory33,446,Eunchae,Fan Meet-Up
ebonygibson,447,Eunchae,Fan Meet-Up
armstrongandrew,448,Kazuha,Merch Sale Event
dixonteresa,449,Eunchae,Merch Sale Event
fbarrett,450,Chaewon,Fan Meet-Up
santiagoshelia,451,Eunchae,Fan Meet-Up
wsnyder,452,Yunjin,Concert
crystal60,453,Chaewon,Reality Show
drewwilliams,454,Sakura,Concert
andersonstephanie,455,Sakura,Reality Show
warroyo,456,Sakura,Tour
tyleraguilar,457,Kazuha,Merch Sale Event
cindy81,458,Eunchae,Tour
alexandertravis,459,Sakura,Fan Meet-Up
judy92,460,Eunchae,Concert
mauricebrewer,461,Kazuha,Merch Sale Event
linda47,462,Yunjin,Merch Sale Event
bsimmons,463,Sakura,Tour
eric33,464,Sakura,Concert
martintyler,465,Sakura,Reality Show
brianmorgan,466,Kazuha,Concert
onelson,467,Chaewon,Merch Sale Event
shawnosborn,468,Kazuha,Merch Sale Event
harperfred,469,Yunjin,Merch Sale Event
mortega,470,Yunjin,Fan Meet-Up
mellison,471,Chaewon,Merch Sale Event
irice,472,Chaewon,Tour
zlee,473,Chaewon,Tour
xpatel,474,Kazuha,Reality Show
christopherwebster,475,Yunjin,Fan Meet-Up
aaronscott,476,Sakura,Fan Meet-Up
ayersangela,477,Chaewon,Merch Sale Event
richard44,478,Kazuha,Fan Meet-Up
vbell,479,Chaewon,Reality Show
kenneth31,480,Eunchae,Merch Sale Event
barrynathaniel,481,Chaewon,Tour
dalewhite,482,Sakura,Reality Show
aharper,483,Sakura,Concert
tbrennan,484,Chaewon,Concert
theodore04,485,Chaewon,Concert
brianna56,486,Kazuha,Concert
jessicabowen,487,Kazuha,Reality Show
katherine19,488,Sakura,Concert
kevinhogan,489,Sakura,Tour
carpenterzachary,490,Sakura,Concert
austinmary,491,Sakura,Fan Meet-Up
matthewgutierrez,492,Chaewon,Tour
morenojason,493,Eunchae,Fan Meet-Up
vargasdorothy,494,Eunchae,Reality Show
hudsonkarl,495,Chaewon,Tour
villegasdon,496,Kazuha,Fan Meet-Up
yfields,497,Sakura,Reality Show
daltondavid,498,Sakura,Tour
melissalewis,499,Chaewon,Tour
elizabeth40,500,Kazuha,Fan Meet-Up
fishertammy,501,Sakura,Merch Sale Event
aliciapalmer,502,Kazuha,Fan Meet-Up
gnielsen,503,Yunjin,Reality Show
jennifer86,504,Eunchae,Tour
zorr,505,Kazuha,Fan Meet-Up
lbutler,506,Yunjin,Merch Sale Event
connor04,507,Sakura,Fan Meet-Up
lclark,508,Yunjin,Fan Meet-Up
raysandra,509,Sakura,Concert
vvelez,510,Yunjin,Merch Sale Event
franklintyler,511,Chaewon,Concert
susan80,512,Yunjin,Concert
ashleyperkins,513,Sakura,Merch Sale Event
mooremichele,514,Sakura,Reality Show
dwood,515,Eunchae,Tour
patriciagilbert,516,Sakura,Fan Meet-Up
zcarpenter,517,Yunjin,Reality Show
adamedwards,518,Sakura,Reality Show
csmith,519,Sakura,Reality Show
hreyes,520,Sakura,Tour
ashleyperkins,521,Chaewon,Concert
jodi79,522,Yunjin,Tour
fordmatthew,523,Sakura,Tour
stephaniefox,524,Kazuha,Concert
wesley73,525,Sakura,Reality Show
simmonsdennis,526,Sakura,Reality Show
amanda98,527,Eunchae,Fan Meet-Up
ayerskyle,528,Eunchae,Merch Sale Event
ekane,529,Yunjin,Merch Sale Event
ppadilla,530,Yunjin,Fan Meet-Up
jonathon04,531,Sakura,Fan Meet-Up
stewartmichael,532,Sakura,Fan Meet-Up
fmorgan,533,Yunjin,Tour
vbailey,534,Kazuha,Merch Sale Event
rphillips,535,Yunjin,Tour
nathan18,536,Chaewon,Concert
julie25,537,Kazuha,Reality Show
rswanson,538,Sakura,Fan Meet-Up
russell14,539,Sakura,Reality Show
smithautumn,540,Kazuha,Reality Show
mschultz,541,Sakura,Fan Meet-Up
aoneal,542,Eunchae,Merch Sale Event
hjuarez,543,Eunchae,Tour
erin77,544,Chaewon,Tour
jasonlopez,545,Yunjin,Merch Sale Event
christinemccullough,546,Chaewon,Merch Sale Event
davisrandall,547,Chaewon,Tour
samanthaspears,548,Yunjin,Tour
bstuart,549,Eunchae,Merch Sale Event
cunninghamluke,550,Kazuha,Concert
jamesleslie,551,Eunchae,Tour
rhonda51,552,Kazuha,Reality Show
nicholasoconnell,553,Yunjin,Merch Sale Event
ramirezstacy,554,Kazuha,Merch Sale Event
jennifer80,555,Yunjin,Reality Show
matthewlivingston,556,Kazuha,Fan Meet-Up
sararobbins,557,Kazuha,Tour
rebeccaliu,558,Yunjin,Tour
monicaclark,559,Yunjin,Fan Meet-Up
christopherhaynes,560,Kazuha,Merch Sale Event
heatherkirk,561,Chaewon,Fan Meet-Up
bmolina,562,Eunchae,Merch Sale Event
julie25,563,Kazuha,Fan Meet-Up
graymichael,564,Chaewon,Merch Sale Event
krivera,565,Eunchae,Merch Sale Event
wilkinsonisaiah,566,Sakura,Merch Sale Event
michael69,567,Kazuha,Merch Sale Event
thomasrobert,568,Chaewon,Tour
xpatel,569,Yunjin,Tour
anthonygray,570,Sakura,Reality Show
brandihendrix,571,Yunjin,Fan Meet-Up
stephenchambers,572,Chaewon,Fan Meet-Up
susanbarnett,573,Sakura,Fan Meet-Up
jeffery32,574,Sakura,Fan Meet-Up
moralesrebecca,575,Chaewon,Reality Show
wfields,576,Eunchae,Reality Show
ppadilla,577,Kazuha,Concert
williamadams,578,Chaewon,Fan Meet-Up
donovanmichele,579,Chaewon,Concert
benjamin91,580,Sakura,Merch Sale Event
ericdean,581,Chaewon,Reality Show
amandapope,582,Kazuha,Reality Show
fraymond,583,Chaewon,Tour
kennethlane,584,Kazuha,Merch Sale Event
bethanyperez,585,Sakura,Merch Sale Event
hjuarez,586,Eunchae,Concert
kirstenwhite,587,Chaewon,Fan Meet-Up
greenjill,588,Sakura,Concert
darrellruiz,589,Eunchae,Reality Show
stevewilliams,590,Yunjin,Concert
nancy12,591,Sakura,Concert
hilldanielle,592,Yunjin,Fan Meet-Up
zhamilton,593,Kazuha,Fan Meet-Up
heather48,594,Sakura,Reality Show
thompsonkatrina,595,Sakura,Reality Show
timothy29,596,Sakura,Concert
richard88,597,Kazuha,Concert
sean45,598,Kazuha,Tour
rebecca37,599,Chaewon,Tour
moorejulia,600,Sakura,Fan Meet-Up
moonbrandy,601,Kazuha,Concert
walkersteven,602,Sakura,Fan Meet-Up
zimmermanbrianna,603,Eunchae,Concert
callahanedward,604,Kazuha,Concert
gary15,605,Yunjin,Fan Meet-Up
shaun75,606,Eunchae,Tour
stephenparker,607,Eunchae,Merch Sale Event
elizabethmeyer,608,Kazuha,Concert
warnold,609,Chaewon,Reality Show
jonestara,610,Chaewon,Fan Meet-Up
mbarrett,611,Yunjin,Concert
dmoore,612,Sakura,Reality Show
andersonstephanie,613,Yunjin,Reality Show
beasleythomas,614,Sakura,Fan Meet-Up
sarah57,615,Kazuha,Reality Show
michaelross,616,Sakura,Fan Meet-Up
brianelliott,617,Chaewon,Reality Show
patelcharles,618,Eunchae,Tour
eric60,619,Kazuha,Reality Show
kimberly05,620,Yunjin,Fan Meet-Up
aking,621,Kazuha,Fan Meet-Up
hartchristine,622,Chaewon,Merch Sale Event
carnold,623,Kazuha,Merch Sale Event
catherine20,624,Yunjin,Fan Meet-Up
ericgregory,625,Kazuha,Merch Sale Event
hansonmichael,626,Sakura,Reality Show
glopez,627,Kazuha,Merch Sale Event
sandra09,628,Eunchae,Concert
xwatts,629,Eunchae,Concert
keithsimpson,630,Yunjin,Merch Sale Event
clementschristopher,631,Eunchae,Merch Sale Event
tyler52,632,Chaewon,Tour
stacy18,633,Kazuha,Fan Meet-Up
snyderashley,634,Kazuha,Reality Show
kclark,635,Yunjin,Merch Sale Event
kellycastillo,636,Yunjin,Concert
isaiahstevens,637,Eunchae,Tour
webstermark,638,Yunjin,Reality Show
odavis,639,Eunchae,Tour
rileydonald,640,Chaewon,Merch Sale Event
ryanjohn,641,Kazuha,Concert
donbentley,642,Kazuha,Fan Meet-Up
karen74,643,Chaewon,Concert
bergbrittney,644,Eunchae,Tour
amysmith,645,Chaewon,Fan Meet-Up
smithkelli,646,Yunjin,Tour
kaitlynbenson,647,Chaewon,Fan Meet-Up
marissaolson,648,Eunchae,Concert
jacqueline58,649,Sakura,Tour
seth81,650,Sakura,Reality Show
theresaalvarado,651,Kazuha,Concert
jacqueline04,652,Chaewon,Tour
melody63,653,Kazuha,Tour
christophercruz,654,Kazuha,Concert
traviswatts,655,Kazuha,Fan Meet-Up
evanschad,656,Chaewon,Fan Meet-Up
dmcdonald,657,Chaewon,Reality Show
stephaniemonroe,658,Eunchae,Merch Sale Event
anna44,659,Yunjin,Merch Sale Event
evansanne,660,Eunchae,Concert
richardstaylor,661,Yunjin,Concert
carolynpratt,662,Yunjin,Reality Show
brandtjoshua,663,Chaewon,Reality Show
jacksonmelissa,664,Eunchae,Tour
robinsondenise,665,Chaewon,Merch Sale Event
donald15,666,Chaewon,Tour
jennifer00,667,Kazuha,Reality Show
laura13,668,Sakura,Fan Meet-Up
jeffreymartinez,669,Eunchae,Concert
ualvarez,670,Kazuha,Tour
ppadilla,671,Yunjin,Merch Sale Event
hernandezamy,672,Eunchae,Merch Sale Event
franklintyler,673,Yunjin,Fan Meet-Up
marquezchristopher,674,Eunchae,Merch Sale Event
dstanton,675,Eunchae,Reality Show
elizabethburke,676,Chaewon,Merch Sale Event
thomasanderson,677,Kazuha,Concert
zkennedy,678,Sakura,Merch Sale Event
robert07,679,Chaewon,Tour
zperez,680,Sakura,Tour
dgomez,681,Chaewon,Merch Sale Event
vhamilton,682,Yunjin,Concert
adamedwards,683,Chaewon,Fan Meet-Up
jprice,684,Yunjin,Concert
lindseysharon,685,Sakura,Fan Meet-Up
cherylquinn,686,Yunjin,Fan Meet-Up
joshuaholland,687,Eunchae,Tour
oporter,688,Yunjin,Tour
walkersteven,689,Yunjin,Tour
aprilcampbell,690,Eunchae,Merch Sale Event
deckercynthia,691,Yunjin,Fan Meet-Up
williamsjohnny,692,Yunjin,Tour
thompsonjoshua,693,Sakura,Fan Meet-Up
jacob98,694,Eunchae,Tour
staceybaker,695,Sakura,Merch Sale Event
hansonchristina,696,Eunchae,Tour
adamsmargaret,697,Eunchae,Tour
martinezmichael,698,Kazuha,Tour
thomasrobert,699,Chaewon,Fan Meet-Up
mark33,700,Chaewon,Concert
gilbertpaul,701,Eunchae,Tour
dawndavidson,702,Sakura,Fan Meet-Up
todd92,703,Eunchae,Fan Meet-Up
gardnerrichard,704,Sakura,Fan Meet-Up
webstermark,705,Kazuha,Merch Sale Event
fritzangela,706,Chaewon,Concert
garciajordan,707,Kazuha,Reality Show
kimberly05,708,Yunjin,Reality Show
myersrobert,709,Eunchae,Fan Meet-Up
brandtjoshua,710,Sakura,Reality Show
madisonstone,711,Sakura,Merch Sale Event
dennis18,712,Sakura,Fan Meet-Up
tammy75,713,Yunjin,Merch Sale Event
murraykaren,714,Chaewon,Merch Sale Event
virginiaholland,715,Sakura,Merch Sale Event
vgriffin,716,Sakura,Fan Meet-Up
reneehoward,717,Sakura,Concert
virginiaolson,718,Sakura,Tour
joseph79,719,Sakura,Reality Show
susanfarley,720,Kazuha,Reality Show
currymichael,721,Kazuha,Concert
barbara07,722,Sakura,Reality Show
ruizpatricia,723,Eunchae,Reality Show
hberger,724,Yunjin,Concert
martin36,725,Chaewon,Fan Meet-Up
crystalestes,726,Kazuha,Tour
hpowell,727,Eunchae,Tour
masonmarvin,728,Sakura,Merch Sale Event
edwardherring,729,Chaewon,Fan Meet-Up
audreyrich,730,Kazuha,Tour
bennettjames,731,Eunchae,Reality Show
ericgregory,732,Sakura,Reality Show
woodjames,733,Kazuha,Merch Sale Event
jodirodriguez,734,Eunchae,Fan Meet-Up
fgarcia,735,Sakura,Tour
troyreynolds,736,Yunjin,Tour
stanley61,737,Chaewon,Merch Sale Event
michelle94,738,Chaewon,Concert
zimmermansara,739,Chaewon,Concert
samanthahughes,740,Sakura,Tour
pcastillo,741,Kazuha,Concert
angela07,742,Chaewon,Fan Meet-Up
donald15,743,Yunjin,Concert
mark59,744,Yunjin,Concert
lbarron,745,Sakura,Merch Sale Event
xpatel,746,Kazuha,Concert
amandaburns,747,Chaewon,Tour
dianavalencia,748,Kazuha,Fan Meet-Up
lford,749,Sakura,Merch Sale Event
ericwilliams,750,Chaewon,Reality Show
burkeyolanda,751,Kazuha,Merch Sale Event
dramirez,752,Yunjin,Tour
lclark,753,Sakura,Concert
gbradshaw,754,Chaewon,Fan Meet-Up
cynthia53,755,Kazuha,Concert
jerry48,756,Eunchae,Merch Sale Event
bob26,757,Chaewon,Tour
ddunn,758,Kazuha,Tour
carraaron,759,Chaewon,Reality Show
alexandrastuart,760,Sakura,Reality Show
melissajimenez,761,Sakura,Fan Meet-Up
melissajimenez,762,Kazuha,Reality Show
jacobsrobert,763,Kazuha,Concert
vsanchez,764,Chaewon,Fan Meet-Up
alvaradoann,765,Chaewon,Reality Show
tsampson,766,Chaewon,Concert
kevin50,767,Yunjin,Tour
brett50,768,Kazuha,Tour
williamsmarc,769,Eunchae,Merch Sale Event
warnold,770,Yunjin,Concert
perezjustin,771,Chaewon,Fan Meet-Up
hjohnson,772,Sakura,Merch Sale Event
erika73,773,Eunchae,Merch Sale Event
uhoffman,774,Yunjin,Tour
brianjohnson,775,Chaewon,Fan Meet-Up
smithmichael,776,Sakura,Reality Show
angie27,777,Chaewon,Merch Sale Event
davilatara,778,Sakura,Fan Meet-Up
ryan59,779,Chaewon,Tour
cindy53,780,Chaewon,Merch Sale Event
kennedylucas,781,Yunjin,Fan Meet-Up
jacoblove,782,Chaewon,Reality Show
tyler52,783,Eunchae,Reality Show
dterry,784,Sakura,Merch Sale Event
paul19,785,Eunchae,Concert
patrick93,786,Chaewon,Merch Sale Event
gibsonbrianna,787,Eunchae,Concert
vgarcia,788,Yunjin,Fan Meet-Up
adkinsdaniel,789,Chaewon,Reality Show
danielle17,790,Eunchae,Reality Show
brianwong,791,Chaewon,Concert
smithstanley,792,Kazuha,Merch Sale Event
dmcdonald,793,Eunchae,Tour
iroberts,794,Chaewon,Concert
hutchinsonpamela,795,Chaewon,Reality Show
david51,796,Sakura,Merch Sale Event
turnertroy,797,Eunchae,Fan Meet-Up
kristina77,798,Eunchae,Reality Show
adelgado,799,Chaewon,Reality Show
wwatkins,800,Eunchae,Tour
christopher68,801,Yunjin,Merch Sale Event
burkeyolanda,802,Sakura,Concert
patriciarogers,803,Yunjin,Reality Show
walterslauren,804,Kazuha,Tour
nicholskaren,805,Sakura,Merch Sale Event
tdunn,806,Kazuha,Tour
michelleholland,807,Eunchae,Merch Sale Event
coryedwards,808,Eunchae,Fan Meet-Up
april02,809,Eunchae,Reality Show
corygarza,810,Yunjin,Reality Show
walkerhenry,811,Kazuha,Merch Sale Event
james07,812,Sakura,Tour
kellycruz,813,Eunchae,Reality Show
handerson,814,Sakura,Fan Meet-Up
uperez,815,Yunjin,Concert
kimberlywaller,816,Kazuha,Reality Show
anthonymoore,817,Kazuha,Merch Sale Event
eric33,818,Yunjin,Merch Sale Event
fcooper,819,Yunjin,Reality Show
heatherkim,820,Sakura,Fan Meet-Up
mcbridealexis,821,Chaewon,Concert
stevenbennett,822,Eunchae,Merch Sale Event
martinjustin,823,Sakura,Concert
currymichael,824,Sakura,Reality Show
alicia60,825,Eunchae,Tour
woodarddavid,826,Eunchae,Reality Show
timothy76,827,Yunjin,Reality Show
robert58,828,Yunjin,Fan Meet-Up
xbullock,829,Kazuha,Tour
estradamatthew,830,Yunjin,Reality Show
bcochran,831,Chaewon,Merch Sale Event
coreytaylor,832,Kazuha,Tour
fwall,833,Chaewon,Reality Show
fraymond,834,Eunchae,Merch Sale Event
chansummer,835,Yunjin,Tour
christina36,836,Eunchae,Reality Show
zmaynard,837,Yunjin,Fan Meet-Up
stephaniefox,838,Eunchae,Merch Sale Event
tsalas,839,Yunjin,Concert
brownjeffrey,840,Yunjin,Concert
taylorgina,841,Yunjin,Merch Sale Event
sarah44,842,Eunchae,Reality Show
heatherpatton,843,Sakura,Concert
brentnichols,844,Kazuha,Tour
krivera,845,Yunjin,Reality Show
baxtereric,846,Eunchae,Merch Sale Event
ashley91,847,Yunjin,Merch Sale Event
fbrown,848,Yunjin,Tour
sydney34,849,Chaewon,Merch Sale Event
ryanjohn,850,Sakura,Reality Show
lowen,851,Yunjin,Reality Show
hogandavid,852,Yunjin,Merch Sale Event
christina36,853,Kazuha,Reality Show
xpatterson,854,Yunjin,Reality Show
andrew41,855,Yunjin,Reality Show
mschultz,856,Eunchae,Concert
barry62,857,Chaewon,Tour
qbradley,858,Chaewon,Reality Show
bergbrittney,859,Sakura,Merch Sale Event
amystrickland,860,Yunjin,Concert
wgeorge,861,Eunchae,Fan Meet-Up
tjones,862,Kazuha,Concert
markcook,863,Yunjin,Concert
joycegiles,864,Eunchae,Tour
craig69,865,Sakura,Reality Show
odavis,866,Sakura,Tour
nsharp,867,Sakura,Tour
brianchavez,868,Chaewon,Tour
vancemicheal,869,Yunjin,Tour
lauramcintosh,870,Sakura,Fan Meet-Up
patricknovak,871,Yunjin,Tour
tracy34,872,Eunchae,Concert
gardnercarlos,873,Eunchae,Merch Sale Event
nneal,874,Kazuha,Reality Show
christopherfields,875,Chaewon,Concert
johnsonalexander,876,Chaewon,Fan Meet-Up
nathanielali,877,Chaewon,Reality Show
shawnthomas,878,Chaewon,Tour
dominique69,879,Sakura,Fan Meet-Up
hunterchapman,880,Kazuha,Concert
garciajimmy,881,Eunchae,Merch Sale Event
michaelpowell,882,Sakura,Concert
kellycruz,883,Chaewon,Reality Show
ldiaz,884,Eunchae,Fan Meet-Up
ochoajohn,885,Eunchae,Reality Show
robert95,886,Yunjin,Tour
beckpreston,887,Eunchae,Fan Meet-Up
zimmermanbrianna,888,Sakura,Fan Meet-Up
jennifer08,889,Eunchae,Concert
fjohnson,890,Chaewon,Fan Meet-Up
audreyortiz,891,Yunjin,Merch Sale Event
alicia60,892,Chaewon,Fan Meet-Up
knightemily,893,Sakura,Fan Meet-Up
ybridges,894,Chaewon,Merch Sale Event
brownbobby,895,Chaewon,Fan Meet-Up
amberpennington,896,Eunchae,Fan Meet-Up
gdouglas,897,Kazuha,Merch Sale Event
romanbrian,898,Kazuha,Reality Show
ypowell,899,Eunchae,Merch Sale Event
edwardscott,900,Sakura,Concert
craigowen,901,Yunjin,Fan Meet-Up
daustin,902,Yunjin,Tour
tyler52,903,Chaewon,Reality Show
kathleenhoffman,904,Eunchae,Merch Sale Event
evelynlee,905,Yunjin,Fan Meet-Up
robert58,906,Chaewon,Merch Sale Event
timothy03,907,Kazuha,Fan Meet-Up
zorr,908,Eunchae,Fan Meet-Up
westjohn,909,Chaewon,Fan Meet-Up
kberry,910,Eunchae,Tour
erik04,911,Eunchae,Tour
lisagarza,912,Eunchae,Merch Sale Event
christine92,913,Sakura,Concert
poolejoe,914,Sakura,Reality Show
shahbrittany,915,Sakura,Merch Sale Event
theresaalvarado,916,Sakura,Reality Show
fnguyen,917,Eunchae,Fan Meet-Up
davisadam,918,Eunchae,Fan Meet-Up
phillipsstephen,919,Eunchae,Fan Meet-Up
wardwilliam,920,Yunjin,Reality Show
vancemicheal,921,Chaewon,Merch Sale Event
crystalestes,922,Sakura,Reality Show
adelgado,923,Sakura,Fan Meet-Up
phillipschristina,924,Eunchae,Merch Sale Event
brittneyayala,925,Kazuha,Fan Meet-Up
jvaughn,926,Eunchae,Reality Show
fcummings,927,Eunchae,Concert
amy76,928,Sakura,Concert
ahumphrey,929,Sakura,Concert
jamieadams,930,Kazuha,Tour
nmartin,931,Eunchae,Merch Sale Event
deborahcooke,932,Chaewon,Merch Sale Event
kelseypatterson,933,Eunchae,Merch Sale Event
pmurphy,934,Eunchae,Reality Show
bradycortez,935,Eunchae,Merch Sale Event
williamssheri,936,Kazuha,Reality Show
jorge34,937,Sakura,Merch Sale Event
johnsonalexander,938,Kazuha,Merch Sale Event
katherinesutton,939,Eunchae,Merch Sale Event
dmoore,940,Yunjin,Concert
john78,941,Yunjin,Reality Show
bstevenson,942,Kazuha,Tour
christianwilliam,943,Sakura,Fan Meet-Up
wadebrett,944,Eunchae,Merch Sale Event
vvelez,945,Sakura,Fan Meet-Up
dfowler,946,Kazuha,Fan Meet-Up
jreed,947,Sakura,Reality Show
jshah,948,Chaewon,Tour
cynthia38,949,Yunjin,Fan Meet-Up
zmorris,950,Kazuha,Concert
daniellenelson,951,Yunjin,Reality Show
amandapope,952,Chaewon,Merch Sale Event
yangronnie,953,Sakura,Reality Show
steven38,954,Chaewon,Tour
sandersmichael,955,Sakura,Concert
bjoseph,956,Yunjin,Merch Sale Event
holly68,957,Chaewon,Merch Sale Event
tyleraguilar,958,Sakura,Concert
bmcdonald,959,Yunjin,Merch Sale Event
ericdean,960,Yunjin,Concert
christopher46,961,Chaewon,Merch Sale Event
joseph60,962,Yunjin,Concert
uguerrero,963,Sakura,Merch Sale Event
harmstrong,964,Chaewon,Concert
evelynlee,965,Yunjin,Tour
millerronald,966,Yunjin,Fan Meet-Up
kmills,967,Chaewon,Tour
bholland,968,Sakura,Concert
barkerchristopher,969,Kazuha,Tour
mcguireashley,970,Eunchae,Fan Meet-Up
connie00,971,Sakura,Tour
austinacosta,972,Eunchae,Merch Sale Event
deborah47,973,Chaewon,Merch Sale Event
sarahcain,974,Yunjin,Concert
nathangarner,975,Yunjin,Merch Sale Event
evansanne,976,Kazuha,Fan Meet-Up
keith91,977,Sakura,Reality Show
tony42,978,Eunchae,Concert
michaelblack,979,Eunchae,Tour
susanbarnett,980,Sakura,Fan Meet-Up
tstevenson,981,Chaewon,Reality Show
aaronadams,982,Yunjin,Tour
victoriabailey,983,Chaewon,Reality Show
deborahtownsend,984,Kazuha,Reality Show
walkersteven,985,Yunjin,Fan Meet-Up
booneshawn,986,Sakura,Reality Show
michael69,987,Kazuha,Merch Sale Event
byates,988,Yunjin,Fan Meet-Up
mgraham,989,Yunjin,Fan Meet-Up
joethomas,990,Eunchae,Merch Sale Event
fraymond,991,Kazuha,Tour
rebeccaliu,992,Yunjin,Tour
marquezchristopher,993,Eunchae,Tour
anthony68,994,Sakura,Reality Show
pamhayes,995,Chaewon,Concert
brentnichols,996,Sakura,Fan Meet-Up
barrettzachary,997,Eunchae,Concert
wesley73,998,Yunjin,Tour
wgoodman,999,Sakura,Reality Show
davidhernandez,1000,Kazuha,Concert
sotobrandi,1001,Sakura,Fan Meet-Up
millerbruce,1002,Yunjin,Merch Sale Event
jacob98,1003,Yunjin,Fan Meet-Up
erin77,1004,Chaewon,Fan Meet-Up
michael69,1005,Sakura,Fan Meet-Up
howardwilliam,1006,Kazuha,Merch Sale Event
zimmermansara,1007,Yunjin,Fan Meet-Up
laura73,1008,Sakura,Concert
deandebra,1009,Kazuha,Concert
mariahayes,1010,Eunchae,Tour
cody15,1011,Sakura,Merch Sale Event
michaelmorris,1012,Eunchae,Concert
leekristin,1013,Yunjin,Reality Show
bushgabrielle,1014,Sakura,Fan Meet-Up
williamssteven,1015,Eunchae,Tour
qnewton,1016,Sakura,Merch Sale Event
burgesspaul,1017,Eunchae,Reality Show
benderjennifer,1018,Kazuha,Reality Show
zrogers,1019,Eunchae,Tour
ibishop,1020,Eunchae,Fan Meet-Up
ashleyperkins,1021,Eunchae,Merch Sale Event
jnelson,1022,Chaewon,Fan Meet-Up
david89,1023,Yunjin,Tour
robert94,1024,Chaewon,Fan Meet-Up
ppadilla,1025,Yunjin,Tour
thompsonrobert,1026,Eunchae,Tour
heather81,1027,Yunjin,Concert
dmoore,1028,Yunjin,Fan Meet-Up
qedwards,1029,Sakura,Tour
estradamatthew,1030,Yunjin,Concert
campbellsandra,1031,Kazuha,Reality Show
johnarnold,1032,Kazuha,Reality Show
zlane,1033,Chaewon,Fan Meet-Up
angela73,1034,Chaewon,Reality Show
kathleen10,1035,Chaewon,Merch Sale Event
fsellers,1036,Yunjin,Fan Meet-Up
audreyrich,1037,Sakura,Concert
tyler74,1038,Eunchae,Reality Show
davisadam,1039,Chaewon,Reality Show
thomasanderson,1040,Eunchae,Tour
tdunn,1041,Sakura,Tour
tiffanysanford,1042,Kazuha,Fan Meet-Up
colleenneal,1043,Yunjin,Merch Sale Event
douglasnelson,1044,Chaewon,Concert
greeramanda,1045,Eunchae,Fan Meet-Up
nwright,1046,Yunjin,Concert
christianduncan,1047,Kazuha,Fan Meet-Up
brownjessica,1048,Chaewon,Merch Sale Event
tvaldez,1049,Sakura,Tour
andrea87,1050,Eunchae,Reality Show
lawsontanya,1051,Yunjin,Tour
dianavalencia,1052,Eunchae,Tour
turnersusan,1053,Sakura,Tour
andreaking,1054,Yunjin,Concert
erinmiles,1055,Eunchae,Reality Show
debra67,1056,Sakura,Merch Sale Event
snyderdebra,1057,Sakura,Concert
stacy26,1058,Eunchae,Reality Show
rebeccamartin,1059,Chaewon,Fan Meet-Up
williamdelacruz,1060,Yunjin,Reality Show
bethany64,1061,Eunchae,Reality Show
jfisher,1062,Sakura,Reality Show
gary13,1063,Sakura,Tour
smithjamie,1064,Kazuha,Reality Show
taylorjohnson,1065,Eunchae,Fan Meet-Up
medinajamie,1066,Yunjin,Fan Meet-Up
melissalawson,1067,Eunchae,Concert
tammy75,1068,Yunjin,Reality Show
gilbertpaul,1069,Yunjin,Concert
pdaniel,1070,Chaewon,Tour
kbaker,1071,Chaewon,Concert
nsantiago,1072,Yunjin,Concert
margaret51,1073,Eunchae,Tour
jamieblake,1074,Chaewon,Fan Meet-Up
turnertroy,1075,Yunjin,Fan Meet-Up
hammondashley,1076,Yunjin,Concert
jeremy70,1077,Kazuha,Reality Show
christophercruz,1078,Sakura,Reality Show
karen98,1079,Chaewon,Merch Sale Event
rwiley,1080,Eunchae,Tour
zharris,1081,Eunchae,Fan Meet-Up
kristenevans,1082,Yunjin,Reality Show
nmartin,1083,Eunchae,Reality Show
kenneth31,1084,Kazuha,Reality Show
martinezannette,1085,Sakura,Tour
aaronscott,1086,Sakura,Fan Meet-Up
operez,1087,Chaewon,Tour
sydney82,1088,Yunjin,Fan Meet-Up
samantha28,1089,Eunchae,Reality Show
sandra75,1090,Yunjin,Concert
kayla74,1091,Kazuha,Tour
watkinskristine,1092,Chaewon,Tour
gregory33,1093,Sakura,Merch Sale Event
vquinn,1094,Sakura,Reality Show
gdouglas,1095,Kazuha,Merch Sale Event
martin36,1096,Chaewon,Tour
carpenterzachary,1097,Sakura,Merch Sale Event
kayla74,1098,Kazuha,Merch Sale Event
navarrodiane,1099,Eunchae,Concert
thompsonkatrina,1100,Kazuha,Merch Sale Event
angela29,1101,Sakura,Concert
drocha,1102,Sakura,Fan Meet-Up
jameshenderson,1103,Sakura,Concert
lisarodriguez,1104,Kazuha,Reality Show
fbrown,1105,Sakura,Concert
jshah,1106,Yunjin,Tour
browningstacy,1107,Yunjin,Tour
cindymckay,1108,Chaewon,Fan Meet-Up
gina39,1109,Yunjin,Reality Show
calhouncourtney,1110,Chaewon,Concert
vmata,1111,Yunjin,Fan Meet-Up
courtney86,1112,Sakura,Tour
davisadam,1113,Chaewon,Merch Sale Event
savagekathryn,1114,Kazuha,Reality Show
thompsonrobert,1115,Chaewon,Reality Show
ukerr,1116,Kazuha,Fan Meet-Up
jessica55,1117,Kazuha,Merch Sale Event
walkersteven,1118,Eunchae,Concert
ihunt,1119,Eunchae,Concert
carlosharris,1120,Kazuha,Reality Show
iharris,1121,Sakura,Reality Show
edgarcampbell,1122,Sakura,Fan Meet-Up
stephaniemonroe,1123,Kazuha,Tour
anita80,1124,Sakura,Reality Show
austinmary,1125,Kazuha,Reality Show
fmiller,1126,Yunjin,Merch Sale Event
tjames,1127,Chaewon,Fan Meet-Up
mitchellkaren,1128,Yunjin,Tour
angelastone,1129,Kazuha,Tour
brianalexander,1130,Yunjin,Merch Sale Event
brandontaylor,1131,Sakura,Fan Meet-Up
rharper,1132,Chaewon,Tour
carpenterbenjamin,1133,Chaewon,Reality Show
charles82,1134,Eunchae,Fan Meet-Up
cheyenne31,1135,Chaewon,Merch Sale Event
kennethgrant,1136,Chaewon,Tour
anthonymoore,1137,Chaewon,Concert
shendricks,1138,Eunchae,Reality Show
josephbrian,1139,Kazuha,Fan Meet-Up
wrightmartin,1140,Eunchae,Fan Meet-Up
wayne22,1141,Chaewon,Concert
zsawyer,1142,Kazuha,Reality Show
timothy20,1143,Eunchae,Reality Show
dustin79,1144,Chaewon,Fan Meet-Up
uroberts,1145,Yunjin,Concert
bwerner,1146,Kazuha,Concert
cynthia40,1147,Sakura,Fan Meet-Up
avilajimmy,1148,Chaewon,Tour
leejared,1149,Kazuha,Merch Sale Event
jmccann,1150,Sakura,Tour
deborahtownsend,1151,Eunchae,Reality Show
rodriguezbryan,1152,Eunchae,Merch Sale Event
donald15,1153,Sakura,Reality Show
hensontyler,1154,Sakura,Tour
knelson,1155,Sakura,Fan Meet-Up
haneyjennifer,1156,Eunchae,Merch Sale Event
rodgersjacqueline,1157,Chaewon,Fan Meet-Up
abigail60,1158,Kazuha,Reality Show
andrewmartin,1159,Chaewon,Concert
ysantos,1160,Chaewon,Concert
cooperjennifer,1161,Sakura,Fan Meet-Up
amy78,1162,Yunjin,Reality Show
smithemily,1163,Eunchae,Merch Sale Event
virginiastone,1164,Chaewon,Merch Sale Event
cunninghamluke,1165,Eunchae,Merch Sale Event
jamesmcdonald,1166,Chaewon,Merch Sale Event
robert58,1167,Yunjin,Reality Show
courtney86,1168,Sakura,Merch Sale Event
blackwelljuan,1169,Eunchae,Tour
simmonsstacey,1170,Chaewon,Reality Show
ywood,1171,Kazuha,Tour
thomaswilliam,1172,Sakura,Fan Meet-Up
amandaclark,1173,Yunjin,Tour
dmoore,1174,Sakura,Reality Show
richard91,1175,Sakura,Tour
kortega,1176,Chaewon,Merch Sale Event
uscott,1177,Chaewon,Reality Show
shepherdtammy,1178,Chaewon,Reality Show
bryan52,1179,Sakura,Merch Sale Event
michael55,1180,Sakura,Tour
uanderson,1181,Eunchae,Reality Show
hartpaige,1182,Chaewon,Tour
vmcintyre,1183,Kazuha,Fan Meet-Up
melody63,1184,Eunchae,Concert
timothy20,1185,Eunchae,Merch Sale Event
michaelortega,1186,Sakura,Tour
scochran,1187,Eunchae,Tour
sarah73,1188,Eunchae,Fan Meet-Up
zwells,1189,Eunchae,Fan Meet-Up
eugene70,1190,Kazuha,Reality Show
carlos47,1191,Eunchae,Tour
cnelson,1192,Kazuha,Fan Meet-Up
danawatson,1193,Kazuha,Fan Meet-Up
anthonyjimenez,1194,Chaewon,Reality Show
pamhayes,1195,Sakura,Tour
david51,1196,Yunjin,Fan Meet-Up
bjoseph,1197,Yunjin,Concert
colin54,1198,Kazuha,Fan Meet-Up
natalie41,1199,Sakura,Merch Sale Event
yhill,1200,Chaewon,Tour
daniel67,1201,Sakura,Concert
bakerlee,1202,Kazuha,Reality Show
lauren77,1203,Yunjin,Reality Show
ogibbs,1204,Yunjin,Concert
taylorjohnson,1205,Sakura,Merch Sale Event
swilson,1206,Chaewon,Fan Meet-Up
jonathantorres,1207,Eunchae,Tour
walshpatricia,1208,Chaewon,Fan Meet-Up
matthewlivingston,1209,Chaewon,Merch Sale Event
williamadams,1210,Sakura,Concert
johnsonnancy,1211,Chaewon,Merch Sale Event
wendy73,1212,Yunjin,Concert
ericksonderek,1213,Eunchae,Merch Sale Event
julia39,1214,Chaewon,Merch Sale Event
jorge34,1215,Yunjin,Merch Sale Event
stevenmiddleton,1216,Chaewon,Reality Show
christopherfields,1217,Kazuha,Fan Meet-Up
thompsonrobert,1218,Kazuha,Fan Meet-Up
samuelkoch,1219,Kazuha,Reality Show
daniel67,1220,Sakura,Reality Show
kbaker,1221,Yunjin,Concert
angela90,1222,Sakura,Tour
pdaniel,1223,Kazuha,Fan Meet-Up
zimmermanbrianna,1224,Chaewon,Concert
kimberlywaller,1225,Kazuha,Fan Meet-Up
blackwelljamie,1226,Eunchae,Fan Meet-Up
ptorres,1227,Eunchae,Merch Sale Event
jonorr,1228,Yunjin,Fan Meet-Up
markssarah,1229,Sakura,Merch Sale Event
davidhernandez,1230,Sakura,Tour
zhoward,1231,Eunchae,Merch Sale Event
scottwalker,1232,Yunjin,Merch Sale Event
tiffany35,1233,Sakura,Merch Sale Event
bholland,1234,Eunchae,Fan Meet-Up
nfisher,1235,Eunchae,Concert
scochran,1236,Kazuha,Fan Meet-Up
timothylowery,1237,Kazuha,Concert
vhood,1238,Kazuha,Concert
horncheryl,1239,Kazuha,Fan Meet-Up
jacquelinehunter,1240,Yunjin,Fan Meet-Up
jmartin,1241,Kazuha,Tour
hinesmatthew,1242,Kazuha,Fan Meet-Up
iflores,1243,Chaewon,Reality Show
tsmith,1244,Eunchae,Merch Sale Event
woodadam,1245,Eunchae,Merch Sale Event
rogerskathy,1246,Kazuha,Reality Show
gvalencia,1247,Chaewon,Merch Sale Event
smithstanley,1248,Chaewon,Merch Sale Event
jchang,1249,Eunchae,Concert
watkinsrandall,1250,Yunjin,Tour
whoffman,1251,Sakura,Fan Meet-Up
paige03,1252,Yunjin,Concert
coltonwhite,1253,Yunjin,Tour
eric93,1254,Chaewon,Fan Meet-Up
lindsay77,1255,Kazuha,Tour
wrightalicia,1256,Kazuha,Concert
christinemoore,1257,Yunjin,Fan Meet-Up
joethomas,1258,Yunjin,Fan Meet-Up
jreed,1259,Sakura,Concert
rayanne,1260,Kazuha,Reality Show
nicolesmith,1261,Kazuha,Merch Sale Event
sandra58,1262,Chaewon,Reality Show
amandasmith,1263,Chaewon,Tour
rlong,1264,Kazuha,Concert
savagekathryn,1265,Yunjin,Merch Sale Event
davilatara,1266,Chaewon,Merch Sale Event
gary13,1267,Eunchae,Fan Meet-Up
josephdean,1268,Kazuha,Fan Meet-Up
lgolden,1269,Yunjin,Fan Meet-Up
mmathews,1270,Kazuha,Reality Show
jeffery32,1271,Sakura,Concert
ygonzalez,1272,Yunjin,Merch Sale Event
zodonnell,1273,Kazuha,Concert
walvarez,1274,Eunchae,Merch Sale Event
rachael05,1275,Yunjin,Merch Sale Event
rodriguezbryan,1276,Kazuha,Concert
cwilson,1277,Sakura,Concert
moonbrandy,1278,Chaewon,Concert
nneal,1279,Eunchae,Fan Meet-Up
carpenterzachary,1280,Eunchae,Merch Sale Event
lisajones,1281,Yunjin,Merch Sale Event
gfrazier,1282,Yunjin,Tour
joshua05,1283,Eunchae,Tour
erik04,1284,Eunchae,Reality Show
jnelson,1285,Chaewon,Reality Show
aking,1286,Sakura,Tour
elizabethcunningham,1287,Chaewon,Fan Meet-Up
natasha18,1288,Chaewon,Tour
sarahcain,1289,Chaewon,Concert
tiffanysanford,1290,Sakura,Concert
barronsara,1291,Sakura,Fan Meet-Up
fryewillie,1292,Eunchae,Tour
panderson,1293,Kazuha,Reality Show
carlsonlindsay,1294,Eunchae,Tour
cbrown,1295,Chaewon,Fan Meet-Up
ssmith,1296,Eunchae,Reality Show
katherinekramer,1297,Kazuha,Reality Show
monicaclark,1298,Eunchae,Fan Meet-Up
martinezmichael,1299,Eunchae,Merch Sale Event
kevin59,1300,Kazuha,Fan Meet-Up
richard88,1301,Eunchae,Tour
david87,1302,Kazuha,Tour
kennethphillips,1303,Kazuha,Concert
michael86,1304,Yunjin,Concert
lisa36,1305,Chaewon,Reality Show
tylerwilliams,1306,Sakura,Fan Meet-Up
mmathews,1307,Yunjin,Fan Meet-Up
fbrown,1308,Sakura,Tour
markwoodard,1309,Kazuha,Reality Show
susan52,1310,Chaewon,Tour
currymichael,1311,Sakura,Tour
collinsmichele,1312,Sakura,Concert
nfranco,1313,Yunjin,Merch Sale Event
hgomez,1314,Chaewon,Tour
rachelnelson,1315,Yunjin,Merch Sale Event
patricknovak,1316,Kazuha,Concert
derek08,1317,Kazuha,Merch Sale Event
brandtjoshua,1318,Chaewon,Reality Show
avilajimmy,1319,Yunjin,Merch Sale Event
kristy91,1320,Yunjin,Fan Meet-Up
morsedarren,1321,Yunjin,Fan Meet-Up
pmurphy,1322,Chaewon,Reality Show
owood,1323,Kazuha,Merch Sale Event
rlong,1324,Sakura,Fan Meet-Up
craig69,1325,Yunjin,Reality Show
castrobarbara,1326,Chaewon,Reality Show
jorge34,1327,Yunjin,Concert
baxtereric,1328,Yunjin,Fan Meet-Up
wilsonchris,1329,Kazuha,Fan Meet-Up
yolanda43,1330,Sakura,Concert
rodriguezbryan,1331,Chaewon,Concert
ybishop,1332,Chaewon,Reality Show
ronnie19,1333,Sakura,Fan Meet-Up
hamptonjohn,1334,Yunjin,Concert
vvelez,1335,Eunchae,Concert
dsmith,1336,Chaewon,Concert
patrick93,1337,Eunchae,Reality Show
millerronald,1338,Yunjin,Tour
mercersandra,1339,Sakura,Fan Meet-Up
jonathon04,1340,Eunchae,Concert
jsmith,1341,Kazuha,Concert
drewwilliams,1342,Sakura,Concert
atkinsbenjamin,1343,Yunjin,Merch Sale Event
zorr,1344,Sakura,Merch Sale Event
garciajimmy,1345,Sakura,Merch Sale Event
jennifer80,1346,Chaewon,Tour
timothy20,1347,Yunjin,Merch Sale Event
joseph79,1348,Kazuha,Reality Show
christopherwebster,1349,Eunchae,Tour
adamedwards,1350,Chaewon,Concert
tstevenson,1351,Eunchae,Tour
melissa54,1352,Kazuha,Fan Meet-Up
unichols,1353,Eunchae,Concert
hmoore,1354,Eunchae,Tour
jacksonmelissa,1355,Sakura,Tour
gary15,1356,Kazuha,Concert
williamsbriana,1357,Kazuha,Reality Show
keith05,1358,Chaewon,Merch Sale Event
beasleythomas,1359,Chaewon,Merch Sale Event
simpsonjason,1360,Yunjin,Merch Sale Event
alan18,1361,Yunjin,Reality Show
justintorres,1362,Eunchae,Reality Show
matthewaguirre,1363,Yunjin,Fan Meet-Up
rogercollins,1364,Chaewon,Fan Meet-Up
ncontreras,1365,Yunjin,Fan Meet-Up
myersrobert,1366,Chaewon,Fan Meet-Up
walkerhenry,1367,Eunchae,Reality Show
mckaylynn,1368,Chaewon,Reality Show
thomaswalker,1369,Chaewon,Merch Sale Event
caitlin90,1370,Eunchae,Reality Show
aliciagreen,1371,Yunjin,Reality Show
richardstaylor,1372,Sakura,Fan Meet-Up
david87,1373,Yunjin,Tour
tranjacob,1374,Sakura,Tour
megan05,1375,Sakura,Concert
angelataylor,1376,Eunchae,Concert
nfisher,1377,Yunjin,Reality Show
costabrian,1378,Yunjin,Reality Show
barrerasamantha,1379,Kazuha,Reality Show
carraaron,1380,Yunjin,Reality Show
masonmarvin,1381,Eunchae,Tour
tjackson,1382,Eunchae,Reality Show
ronaldroy,1383,Eunchae,Merch Sale Event
jonespedro,1384,Sakura,Merch Sale Event
molly30,1385,Eunchae,Merch Sale Event
katherinekramer,1386,Chaewon,Tour
callen,1387,Sakura,Fan Meet-Up
pamelasmith,1388,Kazuha,Concert
patrick93,1389,Chaewon,Reality Show
lorismith,1390,Sakura,Merch Sale Event
fnguyen,1391,Eunchae,Concert
maciasalexandra,1392,Sakura,Merch Sale Event
fletcherryan,1393,Yunjin,Fan Meet-Up
tranjacob,1394,Chaewon,Concert
amiller,1395,Eunchae,Reality Show
corygarza,1396,Chaewon,Tour
melody63,1397,Chaewon,Concert
stephanie34,1398,Chaewon,Merch Sale Event
pthomas,1399,Chaewon,Reality Show
barnettcassandra,1400,Sakura,Merch Sale Event
nnoble,1401,Yunjin,Fan Meet-Up
tinahuff,1402,Yunjin,Reality Show
rodriguezjennifer,1403,Yunjin,Fan Meet-Up
lynnbrown,1404,Chaewon,Tour
parksdavid,1405,Kazuha,Tour
mendezbeth,1406,Kazuha,Concert
ydeleon,1407,Yunjin,Merch Sale Event
kelleywendy,1408,Eunchae,Fan Meet-Up
williamsmarc,1409,Eunchae,Reality Show
srichardson,1410,Eunchae,Tour
kchen,1411,Chaewon,Tour
lisa75,1412,Sakura,Fan Meet-Up
dphillips,1413,Kazuha,Reality Show
mirandahampton,1414,Eunchae,Fan Meet-Up
markvillarreal,1415,Yunjin,Reality Show
leslie42,1416,Chaewon,Reality Show
fryewillie,1417,Sakura,Reality Show
april56,1418,Sakura,Fan Meet-Up
virginiaolson,1419,Chaewon,Concert
williamsjohnny,1420,Eunchae,Tour
walkerrachel,1421,Yunjin,Merch Sale Event
justin12,1422,Eunchae,Reality Show
sandra09,1423,Eunchae,Fan Meet-Up
uanderson,1424,Yunjin,Tour
joe92,1425,Yunjin,Fan Meet-Up
ericsmith,1426,Eunchae,Concert
ashleyfigueroa,1427,Yunjin,Merch Sale Event
iroberts,1428,Chaewon,Fan Meet-Up
roger57,1429,Yunjin,Reality Show
timothy76,1430,Eunchae,Concert
ashley91,1431,Yunjin,Fan Meet-Up
watsonchristopher,1432,Sakura,Fan Meet-Up
jacksonchristopher,1433,Sakura,Tour
joycegiles,1434,Eunchae,Concert
tammy12,1435,Kazuha,Tour
smithkelli,1436,Chaewon,Tour
catherine20,1437,Eunchae,Merch Sale Event
tiffany83,1438,Kazuha,Tour
walkerhenry,1439,Eunchae,Concert
donaldkirby,1440,Sakura,Tour
mnicholson,1441,Yunjin,Fan Meet-Up
adamcooper,1442,Yunjin,Reality Show
tina80,1443,Sakura,Reality Show
lford,1444,Kazuha,Reality Show
heidi45,1445,Kazuha,Tour
fgarcia,1446,Eunchae,Merch Sale Event
owensbrady,1447,Chaewon,Concert
david89,1448,Chaewon,Merch Sale Event
garciajanice,1449,Sakura,Reality Show
lyonsjacqueline,1450,Yunjin,Concert
william20,1451,Chaewon,Fan Meet-Up
nicholsdavid,1452,Kazuha,Merch Sale Event
jonorr,1453,Chaewon,Tour
jessica19,1454,Eunchae,Tour
cbriggs,1455,Chaewon,Fan Meet-Up
harriscrystal,1456,Eunchae,Concert
ginawillis,1457,Sakura,Reality Show
hartpaige,1458,Eunchae,Merch Sale Event
coryedwards,1459,Sakura,Tour
christianwilliam,1460,Sakura,Tour
smithjamie,1461,Kazuha,Merch Sale Event
mstephens,1462,Sakura,Reality Show
jason47,1463,Kazuha,Merch Sale Event
nashmargaret,1464,Eunchae,Tour
johnsonchristopher,1465,Sakura,Merch Sale Event
mschultz,1466,Yunjin,Fan Meet-Up
alexandria35,1467,Sakura,Merch Sale Event
ptaylor,1468,Chaewon,Merch Sale Event
costabrian,1469,Chaewon,Reality Show
nsantiago,1470,Eunchae,Concert
amber63,1471,Sakura,Merch Sale Event
pedrorobinson,1472,Yunjin,Merch Sale Event
tranjacob,1473,Kazuha,Fan Meet-Up
ysnyder,1474,Eunchae,Concert
joshua05,1475,Sakura,Tour
julieadams,1476,Sakura,Merch Sale Event
ibradley,1477,Kazuha,Fan Meet-Up
hoffmanrachel,1478,Eunchae,Fan Meet-Up
bbaker,1479,Eunchae,Merch Sale Event
moralesrebecca,1480,Sakura,Fan Meet-Up
stevewilliams,1481,Yunjin,Reality Show
whitenicholas,1482,Kazuha,Reality Show
sporter,1483,Eunchae,Merch Sale Event
zcarpenter,1484,Kazuha,Concert
edwardsphilip,1485,Chaewon,Tour
xreed,1486,Eunchae,Tour
phelpschristina,1487,Kazuha,Merch Sale Event
sarah10,1488,Kazuha,Merch Sale Event
kgraham,1489,Kazuha,Tour
crodriguez,1490,Yunjin,Concert
whitelaura,1491,Yunjin,Concert
armstrongandrew,1492,Eunchae,Tour
audreyortiz,1493,Sakura,Merch Sale Event
collinsmichele,1494,Kazuha,Merch Sale Event
ambermurray,1495,Yunjin,Merch Sale Event
sheilahoward,1496,Sakura,Fan Meet-Up
fmoore,1497,Kazuha,Concert
snyderashley,1498,Yunjin,Fan Meet-Up
jamesleslie,1499,Sakura,Tour
josephshaw,1500,Yunjin,Tour
petersonjohnathan,1501,Chaewon,Reality Show
fmorales,1502,Yunjin,Concert
pamela20,1503,Yunjin,Fan Meet-Up
holmesryan,1504,Chaewon,Merch Sale Event
timothy03,1505,Eunchae,Tour
vincentedward,1506,Chaewon,Reality Show
michelle94,1507,Eunchae,Fan Meet-Up
hgordon,1508,Eunchae,Concert
sarah65,1509,Kazuha,Concert
warroyo,1510,Eunchae,Reality Show
slopez,1511,Yunjin,Fan Meet-Up
edwardsphilip,1512,Yunjin,Reality Show
petersjames,1513,Eunchae,Fan Meet-Up
kimberly16,1514,Chaewon,Fan Meet-Up
caitlin90,1515,Chaewon,Merch Sale Event
kellyhammond,1516,Kazuha,Concert
alexandraharper,1517,Yunjin,Reality Show
david31,1518,Yunjin,Merch Sale Event
gary13,1519,Sakura,Fan Meet-Up
leejared,1520,Sakura,Reality Show
jeremygreen,1521,Yunjin,Concert
robertsanne,1522,Yunjin,Fan Meet-Up
ukerr,1523,Kazuha,Concert
martin36,1524,Chaewon,Reality Show
harrisgreg,1525,Chaewon,Reality Show
daustin,1526,Chaewon,Merch Sale Event
hadams,1527,Eunchae,Merch Sale Event
walkerrachel,1528,Yunjin,Concert
rayanne,1529,Eunchae,Concert
solson,1530,Sakura,Concert
ggardner,1531,Eunchae,Merch Sale Event
riceteresa,1532,Sakura,Reality Show
russelltara,1533,Sakura,Fan Meet-Up
scochran,1534,Chaewon,Merch Sale Event
jasonwilliams,1535,Yunjin,Merch Sale Event
elizabeth26,1536,Chaewon,Merch Sale Event
lauren77,1537,Chaewon,Tour
flowerscarolyn,1538,Eunchae,Reality Show
johnbrown,1539,Kazuha,Tour
jerry22,1540,Yunjin,Concert
ystokes,1541,Kazuha,Reality Show
pgreen,1542,Yunjin,Fan Meet-Up
patriciagilbert,1543,Kazuha,Tour
swansonroger,1544,Sakura,Merch Sale Event
beasleythomas,1545,Kazuha,Concert
melissakelly,1546,Kazuha,Merch Sale Event
danasmith,1547,Sakura,Merch Sale Event
elizabeth40,1548,Yunjin,Concert
maciasalexandra,1549,Kazuha,Merch Sale Event
eric60,1550,Kazuha,Concert
webbchristopher,1551,Chaewon,Tour
cooperjennifer,1552,Chaewon,Concert
andreasnyder,1553,Yunjin,Concert
angela73,1554,Kazuha,Concert
mercedes66,1555,Yunjin,Fan Meet-Up
alexandrastuart,1556,Yunjin,Reality Show
angelastone,1557,Kazuha,Reality Show
caldwelljoshua,1558,Sakura,Reality Show
staceybaker,1559,Eunchae,Fan Meet-Up
james42,1560,Eunchae,Tour
david87,1561,Kazuha,Concert
lhaynes,1562,Eunchae,Fan Meet-Up
charles82,1563,Eunchae,Merch Sale Event
belinda56,1564,Yunjin,Reality Show
ashley91,1565,Sakura,Merch Sale Event
samuelkoch,1566,Yunjin,Reality Show
vbell,1567,Eunchae,Concert
josephbrian,1568,Yunjin,Reality Show
judithgraham,1569,Eunchae,Merch Sale Event
jon38,1570,Yunjin,Tour
brianjohnson,1571,Kazuha,Merch Sale Event
johnsonchristopher,1572,Kazuha,Tour
melissa09,1573,Chaewon,Tour
pagechristopher,1574,Chaewon,Reality Show
fordmatthew,1575,Sakura,Fan Meet-Up
dustin79,1576,Eunchae,Reality Show
lori19,1577,Eunchae,Concert
kchen,1578,Eunchae,Concert
james19,1579,Chaewon,Fan Meet-Up
teresasilva,1580,Kazuha,Concert
kennethsmith,1581,Chaewon,Concert
adamwilliams,1582,Chaewon,Merch Sale Event
michael97,1583,Sakura,Merch Sale Event
michaelhawkins,1584,Chaewon,Merch Sale Event
atkinsbenjamin,1585,Yunjin,Merch Sale Event
benjamin91,1586,Sakura,Concert
kellylong,1587,Eunchae,Reality Show
robert07,1588,Kazuha,Fan Meet-Up
fbrown,1589,Kazuha,Concert
eugene70,1590,Sakura,Tour
david87,1591,Kazuha,Merch Sale Event
xmora,1592,Sakura,Reality Show
zhoward,1593,Yunjin,Fan Meet-Up
aaronscott,1594,Yunjin,Merch Sale Event
johnarnold,1595,Eunchae,Fan Meet-Up
jonathanrodriguez,1596,Yunjin,Tour
staceybaker,1597,Chaewon,Tour
jenniferbass,1598,Sakura,Merch Sale Event
keithsimpson,1599,Sakura,Concert
michele39,1600,Kazuha,Fan Meet-Up
ocarter,1601,Sakura,Fan Meet-Up
craigowen,1602,Eunchae,Reality Show
julia39,1603,Chaewon,Merch Sale Event
michaelmichael,1604,Kazuha,Concert
mooremichele,1605,Chaewon,Fan Meet-Up
jonesandrea,1606,Yunjin,Reality Show
robert07,1607,Eunchae,Merch Sale Event
morganstacey,1608,Yunjin,Tour
fhart,1609,Yunjin,Merch Sale Event
bryan52,1610,Kazuha,Tour
abyrd,1611,Eunchae,Concert
deborahcooke,1612,Yunjin,Tour
dorothyadkins,1613,Kazuha,Tour
brianlarson,1614,Chaewon,Concert
bullockmichael,1615,Yunjin,Concert
caitlynnunez,1616,Yunjin,Reality Show
tvincent,1617,Eunchae,Tour
vlucero,1618,Yunjin,Tour
pramirez,1619,Eunchae,Fan Meet-Up
kellyhammond,1620,Kazuha,Reality Show
shendricks,1621,Kazuha,Tour
josephparker,1622,Kazuha,Tour
stevewilliams,1623,Sakura,Fan Meet-Up
caldwelljoshua,1624,Yunjin,Merch Sale Event
danielle17,1625,Sakura,Merch Sale Event
thomaswilliam,1626,Kazuha,Tour
brendanguyen,1627,Kazuha,Fan Meet-Up
tonyaspencer,1628,Sakura,Reality Show
ruizpatricia,1629,Kazuha,Merch Sale Event
rnichols,1630,Yunjin,Reality Show
fmcintyre,1631,Yunjin,Tour
megan33,1632,Kazuha,Merch Sale Event
perezmichael,1633,Kazuha,Reality Show
aguilarpeter,1634,Chaewon,Reality Show
zodonnell,1635,Chaewon,Fan Meet-Up
rodgersjacqueline,1636,Sakura,Merch Sale Event
william50,1637,Sakura,Merch Sale Event
dennis18,1638,Sakura,Concert
sharpellen,1639,Chaewon,Tour
rachel45,1640,Chaewon,Tour
obrienerik,1641,Sakura,Merch Sale Event
markray,1642,Yunjin,Concert
jameschavez,1643,Chaewon,Concert
jacksonchristopher,1644,Yunjin,Fan Meet-Up
yangronnie,1645,Chaewon,Fan Meet-Up
navarrodiane,1646,Yunjin,Tour
michael66,1647,Chaewon,Fan Meet-Up
handerson,1648,Eunchae,Merch Sale Event
juliecervantes,1649,Sakura,Reality Show
brownbobby,1650,Eunchae,Concert
rebecca96,1651,Eunchae,Reality Show
crystalhicks,1652,Chaewon,Reality Show
hammondashley,1653,Eunchae,Concert
patrick93,1654,Sakura,Merch Sale Event
hansonchristina,1655,Sakura,Concert
david54,1656,Eunchae,Tour
laura73,1657,Sakura,Concert
dawndavidson,1658,Kazuha,Fan Meet-Up
wfields,1659,Sakura,Concert
hgomez,1660,Yunjin,Reality Show
parksdavid,1661,Eunchae,Tour
judithgraham,1662,Chaewon,Tour
kayla74,1663,Chaewon,Merch Sale Event
pmoreno,1664,Kazuha,Concert
zsawyer,1665,Eunchae,Fan Meet-Up
keithsimpson,1666,Eunchae,Merch Sale Event
dariusatkinson,1667,Kazuha,Fan Meet-Up
mosestodd,1668,Yunjin,Merch Sale Event
karenphillips,1669,Chaewon,Reality Show
lowen,1670,Eunchae,Reality Show
amberpennington,1671,Yunjin,Merch Sale Event
nnoble,1672,Kazuha,Concert
gvalencia,1673,Kazuha,Fan Meet-Up
tjackson,1674,Sakura,Fan Meet-Up
laura56,1675,Eunchae,Tour
pcastillo,1676,Kazuha,Fan Meet-Up
wrightalicia,1677,Kazuha,Merch Sale Event
zorr,1678,Eunchae,Merch Sale Event
paige03,1679,Kazuha,Concert
steven38,1680,Yunjin,Tour
zimmermanlisa,1681,Yunjin,Reality Show
davismicheal,1682,Sakura,Concert
henryramsey,1683,Chaewon,Reality Show
sandra75,1684,Sakura,Fan Meet-Up
dixonteresa,1685,Kazuha,Fan Meet-Up
wesleywallace,1686,Kazuha,Tour
morganstacey,1687,Sakura,Fan Meet-Up
vbailey,1688,Kazuha,Tour
hpowell,1689,Eunchae,Fan Meet-Up
kevin16,1690,Yunjin,Fan Meet-Up
mary48,1691,Eunchae,Merch Sale Event
martinezwilliam,1692,Kazuha,Fan Meet-Up
xboyd,1693,Eunchae,Tour
vincentedward,1694,Chaewon,Reality Show
qedwards,1695,Eunchae,Concert
nsharp,1696,Kazuha,Merch Sale Event
tstevenson,1697,Kazuha,Reality Show
jennifer00,1698,Eunchae,Merch Sale Event
kellybarnes,1699,Sakura,Reality Show
donovanmichele,1700,Kazuha,Tour
torreskelsey,1701,Yunjin,Reality Show
jsmith,1702,Sakura,Concert
josephjohnson,1703,Sakura,Fan Meet-Up
kmiller,1704,Eunchae,Reality Show
ebonygibson,1705,Yunjin,Concert
cynthiagardner,1706,Chaewon,Reality Show
qdiaz,1707,Eunchae,Concert
nathan18,1708,Kazuha,Merch Sale Event
cassandralawrence,1709,Eunchae,Reality Show
heatherjones,1710,Yunjin,Concert
brownmichael,1711,Sakura,Fan Meet-Up
michaelhernandez,1712,Yunjin,Tour
michellemartinez,1713,Eunchae,Fan Meet-Up
tdunn,1714,Yunjin,Fan Meet-Up
tuckertimothy,1715,Sakura,Merch Sale Event
judithgraham,1716,Yunjin,Concert
jamieblake,1717,Yunjin,Fan Meet-Up
drichards,1718,Chaewon,Reality Show
francisco55,1719,Sakura,Concert
ashleyconner,1720,Kazuha,Reality Show
bpalmer,1721,Chaewon,Fan Meet-Up
whiteronald,1722,Yunjin,Concert
hansonmichael,1723,Yunjin,Tour
douglas59,1724,Chaewon,Fan Meet-Up
lindsey77,1725,Chaewon,Reality Show
hartchristine,1726,Sakura,Merch Sale Event
fischerchristopher,1727,Eunchae,Tour
michael46,1728,Kazuha,Tour
sydney82,1729,Kazuha,Tour
debra67,1730,Eunchae,Merch Sale Event
doylelauren,1731,Chaewon,Tour
bcochran,1732,Chaewon,Tour
jacoblove,1733,Yunjin,Fan Meet-Up
ggalvan,1734,Chaewon,Concert
pagechristopher,1735,Sakura,Reality Show
isaiah79,1736,Eunchae,Merch Sale Event
gilbertmartinez,1737,Sakura,Merch Sale Event
rhonda51,1738,Kazuha,Fan Meet-Up
matthewgutierrez,1739,Sakura,Reality Show
garciajordan,1740,Sakura,Fan Meet-Up
david51,1741,Sakura,Reality Show
nmanning,1742,Eunchae,Concert
smithjohn,1743,Eunchae,Fan Meet-Up
lowen,1744,Eunchae,Tour
xwatts,1745,Chaewon,Concert
flemingpatricia,1746,Chaewon,Merch Sale Event
hernandezbrooke,1747,Sakura,Fan Meet-Up
shawnosborn,1748,Kazuha,Tour
jeffreymendez,1749,Kazuha,Reality Show
omartin,1750,Kazuha,Merch Sale Event
michaelmichael,1751,Sakura,Fan Meet-Up
kclark,1752,Eunchae,Merch Sale Event
greenjill,1753,Kazuha,Fan Meet-Up
richard44,1754,Sakura,Merch Sale Event
josephbrian,1755,Sakura,Reality Show
michael52,1756,Chaewon,Merch Sale Event
frank57,1757,Chaewon,Concert
craiglee,1758,Sakura,Tour
wfields,1759,Yunjin,Fan Meet-Up
beanalan,1760,Eunchae,Concert
josephdean,1761,Sakura,Reality Show
judithgraham,1762,Eunchae,Fan Meet-Up
dawn06,1763,Kazuha,Tour
donovanamanda,1764,Yunjin,Tour
whoffman,1765,Chaewon,Fan Meet-Up
patriciawright,1766,Yunjin,Concert
eric93,1767,Eunchae,Reality Show
jesse45,1768,Chaewon,Fan Meet-Up
abyrd,1769,Kazuha,Merch Sale Event
terrihughes,1770,Yunjin,Fan Meet-Up
ualvarez,1771,Kazuha,Concert
whoffman,1772,Kazuha,Concert
browningbrian,1773,Sakura,Tour
murphychristopher,1774,Kazuha,Tour
nwright,1775,Chaewon,Tour
amywillis,1776,Kazuha,Reality Show
melissa09,1777,Sakura,Tour
qedwards,1778,Kazuha,Reality Show
ericdean,1779,Yunjin,Fan Meet-Up
wendy74,1780,Sakura,Tour
james35,1781,Kazuha,Merch Sale Event
wsnyder,1782,Kazuha,Fan Meet-Up
ywood,1783,Kazuha,Fan Meet-Up
riverajorge,1784,Eunchae,Merch Sale Event
christinamoore,1785,Yunjin,Tour
neilknight,1786,Kazuha,Merch Sale Event
markvillarreal,1787,Chaewon,Reality Show
lford,1788,Yunjin,Reality Show
masonlisa,1789,Eunchae,Reality Show
wgriffin,1790,Yunjin,Fan Meet-Up
dscott,1791,Kazuha,Reality Show
michael52,1792,Sakura,Concert
byates,1793,Kazuha,Merch Sale Event
timothy20,1794,Sakura,Tour
daltondavid,1795,Eunchae,Reality Show
hectorgrant,1796,Eunchae,Reality Show
wendy67,1797,Chaewon,Tour
ethan32,1798,Sakura,Merch Sale Event
qellis,1799,Yunjin,Tour
daltondavid,1800,Kazuha,Merch Sale Event
karen32,1801,Eunchae,Tour
dawn06,1802,Sakura,Tour
jenniferweaver,1803,Sakura,Fan Meet-Up
holly11,1804,Eunchae,Reality Show
jacquelinefisher,1805,Eunchae,Merch Sale Event
teresamoses,1806,Chaewon,Reality Show
imcdaniel,1807,Eunchae,Fan Meet-Up
alexanderlawrence,1808,Yunjin,Concert
ybishop,1809,Yunjin,Tour
lisahall,1810,Kazuha,Tour
andreasnyder,1811,Eunchae,Fan Meet-Up
booneshawn,1812,Sakura,Concert
laura73,1813,Chaewon,Reality Show
ypowell,1814,Chaewon,Fan Meet-Up
jeffreymendez,1815,Yunjin,Fan Meet-Up
pwells,1816,Yunjin,Concert
xrice,1817,Kazuha,Concert
brownjessica,1818,Sakura,Merch Sale Event
john34,1819,Sakura,Reality Show
mstephens,1820,Eunchae,Merch Sale Event
nhamilton,1821,Chaewon,Tour
walshpatricia,1822,Chaewon,Tour
fmcintyre,1823,Chaewon,Merch Sale Event
justin23,1824,Eunchae,Reality Show
jamie28,1825,Eunchae,Concert
savagekathryn,1826,Yunjin,Tour
lindseytaylor,1827,Eunchae,Tour
frobinson,1828,Chaewon,Merch Sale Event
pmoreno,1829,Yunjin,Reality Show
desiree45,1830,Sakura,Tour
tracy34,1831,Kazuha,Merch Sale Event
patrickgilbert,1832,Eunchae,Merch Sale Event
donald15,1833,Kazuha,Merch Sale Event
russelltara,1834,Eunchae,Reality Show
jonesstephanie,1835,Eunchae,Fan Meet-Up
dsmith,1836,Yunjin,Merch Sale Event
rose46,1837,Kazuha,Reality Show
lisajones,1838,Chaewon,Concert
cherylromero,1839,Yunjin,Concert
pbird,1840,Chaewon,Concert
amberpennington,1841,Sakura,Merch Sale Event
wesleywhite,1842,Eunchae,Merch Sale Event
sandra09,1843,Eunchae,Tour
carlos47,1844,Yunjin,Tour
michelle26,1845,Chaewon,Concert
crystalhicks,1846,Sakura,Fan Meet-Up
xroth,1847,Kazuha,Concert
james35,1848,Chaewon,Concert
julia73,1849,Chaewon,Concert
chelseasmith,1850,Sakura,Tour
eharrison,1851,Yunjin,Reality Show
rharper,1852,Kazuha,Tour
april02,1853,Chaewon,Reality Show
ukelly,1854,Yunjin,Reality Show
jfisher,1855,Chaewon,Concert
markhenry,1856,Chaewon,Tour
jamesmorris,1857,Kazuha,Reality Show
tina80,1858,Kazuha,Fan Meet-Up
patrick62,1859,Sakura,Reality Show
ucannon,1860,Yunjin,Fan Meet-Up
qgilbert,1861,Eunchae,Reality Show
robertsanne,1862,Eunchae,Concert
frankvaughn,1863,Chaewon,Tour
katherinesutton,1864,Sakura,Merch Sale Event
bianca04,1865,Yunjin,Fan Meet-Up
hgomez,1866,Kazuha,Merch Sale Event
rachel45,1867,Yunjin,Fan Meet-Up
xjohnson,1868,Yunjin,Reality Show
ihunt,1869,Chaewon,Fan Meet-Up
buchananbarbara,1870,Kazuha,Merch Sale Event
thomashelen,1871,Kazuha,Fan Meet-Up
eware,1872,Sakura,Reality Show
rebeccamartin,1873,Kazuha,Merch Sale Event
stephenchambers,1874,Yunjin,Tour
millerbruce,1875,Sakura,Merch Sale Event
qhall,1876,Chaewon,Tour
johnsonshane,1877,Yunjin,Fan Meet-Up
patrick93,1878,Kazuha,Fan Meet-Up
omartin,1879,Kazuha,Tour
katherineharris,1880,Chaewon,Concert
shawnosborn,1881,Kazuha,Reality Show
rogercollins,1882,Eunchae,Reality Show
mirandahampton,1883,Sakura,Reality Show
donaldkirby,1884,Yunjin,Merch Sale Event
theresa24,1885,Yunjin,Tour
michael75,1886,Chaewon,Reality Show
kennethsmith,1887,Sakura,Tour
dustin79,1888,Sakura,Fan Meet-Up
carpenterbenjamin,1889,Chaewon,Merch Sale Event
mmathews,1890,Sakura,Reality Show
dennis18,1891,Yunjin,Merch Sale Event
erinmiles,1892,Yunjin,Concert
smithautumn,1893,Yunjin,Fan Meet-Up
carrieclark,1894,Sakura,Merch Sale Event
ymiller,1895,Sakura,Tour
williamssheri,1896,Eunchae,Reality Show
qtran,1897,Eunchae,Concert
vlopez,1898,Sakura,Merch Sale Event
ballangela,1899,Yunjin,Tour
jeremiah27,1900,Kazuha,Concert
leslie26,1901,Eunchae,Tour
rebeccayoung,1902,Chaewon,Tour
jameschavez,1903,Chaewon,Tour
qgilbert,1904,Kazuha,Reality Show
sheriwilson,1905,Chaewon,Reality Show
johngonzalez,1906,Yunjin,Reality Show
jmaldonado,1907,Sakura,Merch Sale Event
thompsonkatrina,1908,Sakura,Fan Meet-Up
cbender,1909,Chaewon,Merch Sale Event
ggonzales,1910,Sakura,Concert
slopez,1911,Sakura,Tour
craigowen,1912,Eunchae,Reality Show
kennethlane,1913,Sakura,Concert
aaronadams,1914,Eunchae,Merch Sale Event
xrice,1915,Sakura,Reality Show
brownjessica,1916,Chaewon,Reality Show
bradbrown,1917,Chaewon,Merch Sale Event
hgordon,1918,Chaewon,Merch Sale Event
rwalter,1919,Eunchae,Reality Show
elizabeth26,1920,Kazuha,Concert
taylorthomas,1921,Chaewon,Merch Sale Event
samantha16,1922,Yunjin,Tour
keith05,1923,Eunchae,Tour
simmonsstacey,1924,Yunjin,Concert
dominique69,1925,Eunchae,Tour
xlee,1926,Chaewon,Concert
donnagarcia,1927,Chaewon,Merch Sale Event
iandoyle,1928,Yunjin,Fan Meet-Up
hweaver,1929,Chaewon,Reality Show
melissa09,1930,Chaewon,Reality Show
shahbrittany,1931,Kazuha,Reality Show
michele13,1932,Sakura,Tour
dana98,1933,Sakura,Concert
mitchellkaren,1934,Sakura,Reality Show
simmonsstacey,1935,Chaewon,Fan Meet-Up
fmorales,1936,Chaewon,Merch Sale Event
michael97,1937,Kazuha,Reality Show
ericwilliams,1938,Eunchae,Merch Sale Event
angela07,1939,Sakura,Reality Show
timothyblackburn,1940,Yunjin,Concert
uschultz,1941,Yunjin,Merch Sale Event
imcmahon,1942,Yunjin,Concert
qgraham,1943,Yunjin,Reality Show
jonespedro,1944,Yunjin,Tour
dramirez,1945,Sakura,Merch Sale Event
gbradshaw,1946,Eunchae,Tour
jreed,1947,Chaewon,Concert
kbaker,1948,Yunjin,Concert
samanthapowell,1949,Sakura,Concert
hgomez,1950,Yunjin,Reality Show
robinsondenise,1951,Eunchae,Concert
kennethgrant,1952,Eunchae,Merch Sale Event
amandawoods,1953,Yunjin,Reality Show
cassandralawrence,1954,Eunchae,Reality Show
christine92,1955,Sakura,Reality Show
kristabrown,1956,Chaewon,Concert
chansummer,1957,Kazuha,Tour
melissa09,1958,Kazuha,Merch Sale Event
james39,1959,Eunchae,Tour
jamesmcdonald,1960,Chaewon,Concert
clinenicole,1961,Sakura,Merch Sale Event
fkim,1962,Yunjin,Concert
carolynpratt,1963,Eunchae,Reality Show
elizabethcunningham,1964,Kazuha,Merch Sale Event
bushgabrielle,1965,Sakura,Reality Show
joneskimberly,1966,Eunchae,Reality Show
shepherdtammy,1967,Kazuha,Merch Sale Event
aoneal,1968,Kazuha,Fan Meet-Up
jameschavez,1969,Yunjin,Merch Sale Event
daltondavid,1970,Sakura,Concert
williamsbreanna,1971,Sakura,Fan Meet-Up
maciasalexandra,1972,Yunjin,Reality Show
ydelgado,1973,Eunchae,Merch Sale Event
cnelson,1974,Sakura,Tour
dan71,1975,Sakura,Reality Show
smithkelli,1976,Kazuha,Tour
cathymorales,1977,Kazuha,Concert
sarah05,1978,Sakura,Tour
nathan18,1979,Sakura,Merch Sale Event
davidangela,1980,Yunjin,Tour
andrearivera,1981,Kazuha,Tour
nneal,1982,Eunchae,Merch Sale Event
hjuarez,1983,Eunchae,Reality Show
gregorywebb,1984,Yunjin,Tour
jennifer00,1985,Sakura,Fan Meet-Up
lindamathis,1986,Eunchae,Concert
yhill,1987,Eunchae,Merch Sale Event
mckaylynn,1988,Sakura,Concert
martinezgail,1989,Sakura,Merch Sale Event
david54,1990,Kazuha,Merch Sale Event
thompsonrobert,1991,Eunchae,Reality Show
byates,1992,Chaewon,Tour
panthony,1993,Kazuha,Tour
lyonsandrew,1994,Sakura,Concert
kenneth84,1995,Sakura,Reality Show
riceteresa,1996,Chaewon,Merch Sale Event
zsawyer,1997,Chaewon,Reality Show
samanthahughes,1998,Eunchae,Concert
beckpreston,1999,Yunjin,Reality Show
charlesorozco,2000,Eunchae,Tour
